{"x": 2.9970446276289477, "y": 2.002255074878513, "intercept": -6.99355134862353}
